Name,company,Location,Stipend,Experience,Website
Youtube Channel Operations Associate,Goloud Digital,Mumbai,2 - 3 LPA,0-2 years,Internshala
Business Development Associate,BPE (Brandland Property Expo),Bangalore,2.64 - 3 LPA,0-2 years,Internshala
Inside Sales Executive,Enmovil Solutions Private Limited,Hyderabad,3 - 4 LPA,0-2 years,Internshala
Sales And Marketing Officer,Go4fresh,Mumbai,2.2 - 3.6 LPA,0-2 years,Internshala
Business Development Executive,Go4fresh,Mumbai,2.4 - 4 LPA,0-2 years,Internshala
Business Development Executive,Msquare Automation Solutions Private Limited,Kozhikode,2.5 - 3.5 LPA,0-2 years,Internshala
Education Loan Counsellor,GyanDhan,Delhi,3.36 LPA,0-2 years,Internshala
Corporate Sales Associate,Career Decision Ai Pvt Ltd,Gurgaon,2.5 - 3.1 LPA,0-2 years,Internshala
Management Trainee/ Sales Executive,Azvasa Education Services,Sikar,2 - 2.5 LPA,0-2 years,Internshala
Corporate Sales Executive,The Design Algo Studio,Delhi,2 - 2.5 LPA,0-2 years,Internshala
Associate Video Editor,Team Car Delight,Work from home,2 - 2.2 LPA,0-2 years,Internshala
Corporate Sales Executive,Valuesec Technology & Consulting Private Limited,Ghaziabad,2 - 2.6 LPA,0-2 years,Internshala
Telecaller,Valuesec Technology & Consulting Private Limited,Ghaziabad,2 - 2.6 LPA,0-2 years,Internshala
Cyber Security Associate,Valuesec Technology & Consulting Private Limited,Ghaziabad,2.6 - 3 LPA,0-2 years,Internshala
Telecaller,Atria Convergence Technologies,Bangalore,2 - 2.6 LPA,0-2 years,Internshala
Social Media Executive,Believers Destination,Noida,2.16 LPA,0-2 years,Internshala
Associate Product Manager,Kaholas,Delhi,2 - 2.2 LPA,0-2 years,Internshala
Chartered Accountant (CA),Jain Ostwal & Associates,Thane,3 - 4.8 LPA,0-2 years,Internshala
Junior Financial Officer,WeMakeScholars,Secunderabad,3 - 3.7 LPA,0-2 years,Internshala
Financial Sales Associate,WeMakeScholars,Secunderabad,3 - 3.7 LPA,0-2 years,Internshala
PPC Executive,Fabulous Media Private Limited,Gurgaon,2 - 4 LPA,0-2 years,Internshala
Wealth Counselor - Equity Markets,Research And Ranking,Mumbai,2 - 5 LPA,0-5 years,Internshala
Marketing And Association Executive,STEMplify,Noida,2 - 3.5 LPA,0-2 years,Internshala
Sales Associate,CloudBird Digital Private Limited,Noida,2 - 2.6 LPA,0-2 years,Internshala
Company Secretary - Gwalior,STARTEASE ONLINE FILINGS PRIVATE LIMITED,Gwalior West,2 - 2.2 LPA,0-2 years,Internshala
Graphic Designer,Memories Made Planners,Mumbai,2 LPA,0-2 years,Internshala
Telesales Executive,Expertia AI,Mumbai,2 LPA,0-2 years,Internshala
Chartered Accountant (CA),V Group Inc.,Bhopal,3 - 6 LPA,0-5 years,Internshala
Corporate Sales Specialist,Digital Heroes,Lucknow,2 - 3 LPA,0-2 years,Internshala
Key Account Management Executive,IoTfy Solutions Private Limited,Delhi,2.5 - 4 LPA,0-2 years,Internshala
Digital Marketing Executive,Akrati Jewels Incorporation,Jaipur,2 - 2.4 LPA,0-2 years,Internshala
English Trainer (Verbal Ability For Competitive Exams),Jamboree Education Private Limited,Delhi,4 - 7 LPA,0-5 years,Internshala
Customer Experience Executive,BookMyShow,Mumbai,2 - 2.4 LPA,0-2 years,Internshala
Digital Marketing Executive,Mr n Mrs Pet,Jaipur,2 - 3 LPA,0-2 years,Internshala
Social Media Manager,Milansoft EServices,Jaipur,2.5 - 3 LPA,0-2 years,Internshala
Telesales Executive,99Yellow,Delhi,2 - 2.1 LPA,0-2 years,Internshala
Assistant Manager - Collections,Moto Ezzy,Mumbai,2 - 2.1 LPA,0-2 years,Internshala
Business Development Executive,Web Impetus,Noida,2 LPA,0-2 years,Internshala
Coding Teacher,STEMpedia,Vishakhapatnam,2 - 3.3 LPA,0-2 years,Internshala
Customer Relationship Executive,APSK Production & Entertainment Private Limited,Bhopal,2 - 2.4 LPA,0-2 years,Internshala
Junior Social Media Marketing Associate,Solution Graph,Faridabad,2 - 3 LPA,0-2 years,Internshala
Digital Marketing Executive,Home Sparkle,Delhi,2 - 2.8 LPA,0-2 years,Internshala
Project Coordinator,QA Solvers,Varanasi,2 - 2.2 LPA,0-2 years,Internshala
Associate Telecaller,Marketing Surge,Noida,2.2 - 2.8 LPA,0-2 years,Internshala
Business Associate,Programic Asia Private Limited,Delhi,2.2 - 3 LPA,0-2 years,Internshala
Corporate Sales Specialist,Magenta Connect Private Limited (Magenta BI),Ahmedabad,3 - 5 LPA,0-5 years,Internshala
Business Development Executive,Nerdy Academy,Bhilai,2.4 - 4.6 LPA,0-2 years,Internshala
Customer Acquisition Executive,Guruji Astro,Jaipur,2 - 2.4 LPA,0-2 years,Internshala
Telecaller,Soumyya Resins Private Limited,Ahmedabad,2 - 2.2 LPA,0-2 years,Internshala
Name,company,Location,Stipend,Experience,Website
Quality Assurance Automation Engineer - Appium,Patch Infotech,"Kolkata, Mumbai, Hyderabad/Secunderabad, Lucknow, Chennai, Ahmedabad, Bangalore/Bengaluru, Delhi / NCR",Not disclosed,3-7 Yrs,Naukri
Tcs hiring For Plsql Developer For PAN India Location,Tata Consultancy Services (TCS),"Kolkata, Hyderabad/Secunderabad, Pune, Chennai, Bangalore/Bengaluru, Delhi / NCR, Mumbai (All Areas)",Not disclosed,2-6 Yrs,Naukri
CN - Strategy - MC - SC&O - SC Digital Core S4 Japan - 07,Accenture,"Mumbai, Hyderabad/Secunderabad, Pune, Gurgaon/Gurugram, Bangalore/Bengaluru",Not disclosed,9-13 Yrs,Naukri
Tcs is Hiring For Angular Developer For PAN India Location,Tata Consultancy Services (TCS),"Hyderabad/Secunderabad, Pune, Chennai, Bangalore/Bengaluru, Delhi / NCR, Mumbai (All Areas)",Not disclosed,2-6 Yrs,Naukri
Oracle Database Administrator Consultant,Tata Consultancy Services (TCS),"Kolkata, Hyderabad/Secunderabad, Pune, Bangalore/Bengaluru, Mumbai (All Areas), India",Not disclosed,2-6 Yrs,Naukri
Sap Fico Consultant,Tata Consultancy Services (TCS),"Hyderabad/Secunderabad, Pune, Chennai, Bangalore/Bengaluru, Mumbai (All Areas)",2-7 Lacs PA,2-6 Yrs,Naukri
It Service Desk Engineer,Wipro,"Mumbai, Maharashtra, Pune, Maharashtra, Ahmedabad, Bangalore/ Bengaluru, Karnataka",Not disclosed,1-6 Yrs,Naukri
Teradata Developer,Cognizant,"Hybrid - Kolkata, Pune, Ahmedabad, Chennai, Bangalore/Bengaluru, Delhi / NCR, Mumbai (All Areas)",6-16 Lacs PA,5-10 Yrs,Naukri
Senior iOS Developer - SWIFT Programming,Patch Infotech,"Kolkata, Mumbai, Hyderabad/Secunderabad, Pune, Chennai, Ahmedabad, Gurgaon/Gurugram, Delhi / NCR, Bangalore/Bengaluru",Not disclosed,3-8 Yrs,Naukri
Firmware Developer - Embedded C/C++,Patch Infotech,"Kolkata, Mumbai, Hyderabad/Secunderabad, Pune, Chennai, Ahmedabad, Delhi / NCR, Bangalore/Bengaluru",Not disclosed,4-9 Yrs,Naukri
Node.js Developer - JavaScript,Patch Infotech,"Kolkata, Mumbai, Visakhapatnam, Hyderabad/Secunderabad, Pune, Chennai, Ahmedabad, Delhi / NCR, Bangalore/Bengaluru",Not disclosed,3-8 Yrs,Naukri
NativeScript Developer - AngularJS/Javascript,Patch Infotech,"Kolkata, Mumbai, Hyderabad/Secunderabad, Pune, Chennai, Ahmedabad, Bangalore/Bengaluru, Delhi / NCR",Not disclosed,4-9 Yrs,Naukri
Pega Developer | CSSA & LSA | HCL Technologies,Careernet Technologies,"Hybrid - Kolkata, Hyderabad/Secunderabad, Pune, Ahmedabad, Chennai, Bangalore/Bengaluru, Delhi / NCR, Mumbai (All Areas), india",30-45 Lacs PA,7-12 Yrs,Naukri
CN - Strategy - MC - SC&O - SC Digital Core S4 - 06,Accenture,"Mumbai, Hyderabad/Secunderabad, Pune, Gurgaon/Gurugram, Bangalore/Bengaluru",Not disclosed,9-13 Yrs,Naukri
SAP BTP Developer BTP(Business Technology Platform),Schneider Electric,"Kolkata, Mumbai, New Delhi, Hyderabad/Secunderabad, Pune, Chennai, Bangalore/Bengaluru",Not disclosed,3-5 Yrs,Naukri
Sap Fiori Consultant,Tata Consultancy Services (TCS),"Kolkata, Hyderabad/Secunderabad, Pune, Ahmedabad, Chennai, Bangalore/Bengaluru, Delhi / NCR, Mumbai (All Areas)",Not disclosed,3-8 Yrs,Naukri
Sailpoint IIQ Developer,Capgemini,"Noida, Uttar Pradesh, Kolkata, Hyderabad/Secunderabad, Pune, Chennai, Coimbatore, Tamil Nadu, Bangalore/Bengaluru, Delhi / NCR, Mumbai (All Areas)",Not disclosed,6-11 Yrs,Naukri
Aws Pyspark,Cognizant,"Kochi/ Cochin, Kerala, Kolkata, Hyderabad/Secunderabad, Pune, Gurgaon/ Gurugram, Haryana, Chennai, Coimbatore, Tamil Nadu, Bangalore/Bengaluru, Mumbai (All Areas)",10-20 Lacs PA,6-9 Yrs,Naukri
Technical Lead AWS Databricks,Citiustech,"Mumbai, Hyderabad/Secunderabad, Pune, Chennai, Gurgaon/Gurugram, Bangalore/Bengaluru",Not disclosed,5-7 Yrs,Naukri
Security Architect,Capgemini,"Hybrid - Noida, Mumbai, Hyderabad/Secunderabad, Pune, Gurgaon/Gurugram, Chennai, Bangalore/Bengaluru",Not disclosed,9-12 Yrs,Naukri
